,Time,TotalTraffic,AverageTraffic,SpecialVehicles
0,0.1,0,0.0,[]
1,0.2,4,0.15277777777777776,[]
2,0.30000000000000004,7,0.24999999999999997,[]
3,0.4,11,0.38888888888888884,[]
4,0.5,14,0.4861111111111111,[]
5,0.6,14,0.4861111111111111,[]
6,0.7,16,0.5972222222222222,[]
7,0.7999999999999999,18,0.5972222222222222,[]
8,0.8999999999999999,21,0.8194444444444443,[]
9,0.9999999999999999,22,0.763888888888889,[]
10,1.0999999999999999,26,0.8888888888888888,[]
11,1.2,28,0.986111111111111,[]
12,1.3,32,1.0694444444444444,[]
13,1.4000000000000001,36,1.1805555555555556,[]
14,1.5000000000000002,39,1.3333333333333333,[]
15,1.6000000000000003,43,1.4027777777777777,[]
16,1.7000000000000004,45,1.5277777777777777,[]
17,1.8000000000000005,47,1.5555555555555554,[]
18,1.9000000000000006,51,1.6805555555555554,[]
19,2.0000000000000004,53,1.75,[]
20,2.1000000000000005,56,1.8194444444444446,[]
21,2.2000000000000006,60,2.0,[]
22,2.3000000000000007,61,2.013888888888889,[]
23,2.400000000000001,65,2.138888888888889,[]
24,2.500000000000001,67,2.2083333333333335,[]
25,2.600000000000001,71,2.347222222222222,[]
26,2.700000000000001,74,2.4305555555555554,[]
27,2.800000000000001,76,2.486111111111111,[]
28,2.9000000000000012,80,2.638888888888889,[]
29,3.0000000000000013,84,2.777777777777778,[]
30,3.1000000000000014,88,2.902777777777778,[]
31,3.2000000000000015,92,3.0555555555555554,[]
32,3.3000000000000016,95,3.1666666666666665,[]
33,3.4000000000000017,99,3.2916666666666665,[]
34,3.5000000000000018,102,3.388888888888889,[]
35,3.600000000000002,106,3.5694444444444446,[]
36,3.700000000000002,108,3.5833333333333335,[]
37,3.800000000000002,112,3.7083333333333335,[]
38,3.900000000000002,114,3.7916666666666665,[]
39,4.000000000000002,118,3.8888888888888893,[]
40,4.100000000000001,122,4.041666666666667,[]
41,4.200000000000001,126,4.166666666666667,[]
42,4.300000000000001,129,4.263888888888889,[]
43,4.4,132,4.375,[]
44,4.5,134,4.416666666666667,[]
45,4.6,135,4.430555555555556,[]
46,4.699999999999999,137,4.583333333333333,[]
47,4.799999999999999,139,4.569444444444444,[]
48,4.899999999999999,141,4.597222222222222,[]
49,4.999999999999998,145,4.777777777777778,[]
50,5.099999999999998,146,4.805555555555555,[]
51,5.1999999999999975,146,4.736111111111112,[]
52,5.299999999999997,139,4.444444444444445,[]
53,5.399999999999997,136,4.347222222222222,[]
54,5.4999999999999964,129,4.097222222222222,[]
55,5.599999999999996,127,4.041666666666667,[]
56,5.699999999999996,124,4.0,[]
57,5.799999999999995,125,4.111111111111111,[]
58,5.899999999999995,123,4.083333333333333,[]
59,5.999999999999995,122,4.208333333333333,[]
60,6.099999999999994,123,4.111111111111112,[]
61,6.199999999999994,120,3.9166666666666665,[]
62,6.299999999999994,113,3.611111111111111,[]
63,6.399999999999993,106,3.3333333333333335,[]
64,6.499999999999993,107,3.430555555555556,[]
65,6.5999999999999925,105,3.388888888888889,[]
66,6.699999999999992,103,3.375,[]
67,6.799999999999992,103,3.4166666666666665,[]
68,6.8999999999999915,107,3.527777777777778,[]
69,6.999999999999991,110,3.6388888888888893,[]
70,7.099999999999991,111,3.6805555555555554,[]
71,7.19999999999999,113,3.7916666666666665,[]
72,7.29999999999999,113,3.8472222222222228,[]
73,7.39999999999999,114,3.9722222222222228,[]
74,7.499999999999989,115,3.9861111111111107,[]
75,7.599999999999989,113,3.9027777777777772,[]
76,7.699999999999989,113,3.8611111111111107,[]
77,7.799999999999988,117,4.013888888888889,[]
78,7.899999999999988,121,4.166666666666667,[]
79,7.999999999999988,124,4.25,[]
80,8.099999999999987,128,4.430555555555555,[]
81,8.199999999999987,127,4.527777777777778,[]
82,8.299999999999986,131,4.611111111111111,[]
83,8.399999999999986,132,4.694444444444445,[]
84,8.499999999999986,136,4.902777777777778,[]
85,8.599999999999985,140,5.097222222222222,[]
86,8.699999999999985,143,5.222222222222222,[]
87,8.799999999999985,147,5.416666666666667,[]
88,8.899999999999984,150,5.527777777777779,[]
89,8.999999999999984,153,5.666666666666667,[]
90,9.099999999999984,157,5.875,[]
91,9.199999999999983,158,5.972222222222221,[]
92,9.299999999999983,159,6.0694444444444455,[]
93,9.399999999999983,160,6.166666666666667,[]
94,9.499999999999982,159,6.180555555555556,[]
95,9.599999999999982,163,6.361111111111112,[]
96,9.699999999999982,164,6.347222222222221,[]
97,9.799999999999981,166,6.3194444444444455,[]
98,9.89999999999998,170,6.527777777777779,[]
99,9.99999999999998,171,6.4444444444444455,[]
100,10.09999999999998,169,6.375,[]
101,10.19999999999998,167,6.097222222222221,[]
102,10.29999999999998,163,6.0555555555555545,[]
103,10.399999999999979,157,5.791666666666667,[]
104,10.499999999999979,150,5.458333333333333,[]
105,10.599999999999978,145,5.208333333333333,[]
106,10.699999999999978,141,4.916666666666667,[]
107,10.799999999999978,135,4.625,[]
108,10.899999999999977,134,4.722222222222222,[]
109,10.999999999999977,132,4.638888888888888,[]
110,11.099999999999977,132,4.680555555555555,[]
111,11.199999999999976,129,4.416666666666667,[]
112,11.299999999999976,127,4.361111111111112,[]
113,11.399999999999975,125,4.305555555555555,[]
114,11.499999999999975,123,4.277777777777778,[]
115,11.599999999999975,122,4.319444444444445,[]
116,11.699999999999974,123,4.416666666666667,[]
117,11.799999999999974,122,4.402777777777778,[]
118,11.899999999999974,121,4.361111111111112,[]
119,11.999999999999973,121,4.388888888888889,[]
120,12.099999999999973,122,4.458333333333333,[]
121,12.199999999999973,123,4.541666666666667,[]
122,12.299999999999972,122,4.583333333333333,[]
123,12.399999999999972,123,4.694444444444444,[]
124,12.499999999999972,124,4.805555555555556,[]
125,12.599999999999971,122,4.791666666666667,[]
126,12.69999999999997,126,4.986111111111112,[]
127,12.79999999999997,128,5.069444444444444,[]
128,12.89999999999997,129,5.194444444444445,[]
129,12.99999999999997,131,5.083333333333333,[]
130,13.09999999999997,130,5.152777777777778,[]
131,13.199999999999969,130,5.0,[]
132,13.299999999999969,130,5.041666666666667,[]
133,13.399999999999968,130,5.0,[]
134,13.499999999999968,133,5.111111111111111,[]
135,13.599999999999968,137,5.263888888888888,[]
136,13.699999999999967,141,5.416666666666667,[]
137,13.799999999999967,144,5.541666666666667,[]
138,13.899999999999967,147,5.6805555555555545,[]
139,13.999999999999966,146,5.5694444444444455,[]
140,14.099999999999966,142,5.375,[]
141,14.199999999999966,138,5.25,[]
142,14.299999999999965,134,5.069444444444445,[]
143,14.399999999999965,132,5.083333333333333,[]
144,14.499999999999964,129,4.986111111111111,[]
145,14.599999999999964,128,5.0,[]
146,14.699999999999964,127,4.875,[]
147,14.799999999999963,124,4.694444444444445,[]
148,14.899999999999963,120,4.472222222222222,[]
149,14.999999999999963,116,4.194444444444444,[]
150,15.099999999999962,111,3.8888888888888893,[]
151,15.199999999999962,115,4.069444444444444,[]
152,15.299999999999962,116,4.180555555555555,[]
153,15.399999999999961,117,4.291666666666667,[]
154,15.499999999999961,118,4.416666666666667,[]
155,15.59999999999996,119,4.541666666666667,[]
156,15.69999999999996,119,4.541666666666667,[]
157,15.79999999999996,122,4.680555555555555,[]
158,15.89999999999996,126,4.805555555555556,[]
159,15.99999999999996,127,4.930555555555556,[]
160,16.09999999999996,123,4.638888888888889,[]
161,16.19999999999996,121,4.513888888888889,[]
162,16.29999999999996,119,4.444444444444444,[]
163,16.399999999999963,120,4.486111111111112,[]
164,16.499999999999964,123,4.611111111111111,[]
165,16.599999999999966,117,4.333333333333333,[]
166,16.699999999999967,114,4.180555555555555,[]
167,16.79999999999997,112,4.069444444444445,[]
168,16.89999999999997,107,4.013888888888888,[]
169,16.99999999999997,106,3.972222222222222,[]
170,17.099999999999973,103,3.875,[]
171,17.199999999999974,101,3.805555555555556,[]
172,17.299999999999976,100,3.847222222222222,[]
173,17.399999999999977,97,3.763888888888889,[]
174,17.49999999999998,94,3.6666666666666665,[]
175,17.59999999999998,95,3.625,[]
176,17.69999999999998,92,3.361111111111111,[]
177,17.799999999999983,95,3.486111111111111,[]
178,17.899999999999984,99,3.5833333333333335,[]
179,17.999999999999986,98,3.5,[]
180,18.099999999999987,99,3.5416666666666665,[]
181,18.19999999999999,98,3.527777777777778,[]
182,18.29999999999999,100,3.6527777777777772,[]
183,18.39999999999999,99,3.6666666666666665,[]
184,18.499999999999993,97,3.7361111111111107,[]
185,18.599999999999994,93,3.486111111111111,[]
186,18.699999999999996,91,3.4583333333333335,[]
187,18.799999999999997,87,3.2916666666666665,[]
188,18.9,84,3.055555555555556,[]
189,19.0,83,2.986111111111111,[]
190,19.1,82,2.9166666666666665,[]
191,19.200000000000003,80,2.7916666666666665,[]
192,19.300000000000004,76,2.777777777777778,[]
193,19.400000000000006,77,2.75,[]
194,19.500000000000007,73,2.597222222222222,[]
195,19.60000000000001,73,2.527777777777778,[]
196,19.70000000000001,68,2.361111111111111,[]
197,19.80000000000001,69,2.375,[]
198,19.900000000000013,69,2.361111111111111,[]
199,20.000000000000014,67,2.2083333333333335,[]
200,20.100000000000016,66,2.3472222222222223,[]
201,20.200000000000017,66,2.2777777777777777,[]
202,20.30000000000002,65,2.277777777777778,[]
203,20.40000000000002,63,2.277777777777778,[]
204,20.50000000000002,64,2.3333333333333335,[]
205,20.600000000000023,60,2.1666666666666665,[]
206,20.700000000000024,59,2.097222222222222,[]
207,20.800000000000026,60,2.2777777777777777,[]
208,20.900000000000027,61,2.111111111111111,[]
209,21.00000000000003,59,2.0277777777777777,[]
210,21.10000000000003,60,2.0972222222222223,[]
211,21.20000000000003,64,2.263888888888889,[]
212,21.300000000000033,63,2.3055555555555554,[]
213,21.400000000000034,64,2.486111111111111,[]
214,21.500000000000036,63,2.3333333333333335,[]
215,21.600000000000037,63,2.236111111111111,[]
216,21.70000000000004,62,2.1527777777777777,[]
217,21.80000000000004,63,2.1805555555555554,[]
218,21.90000000000004,67,2.2916666666666665,[]
219,22.000000000000043,64,2.0416666666666665,[]
220,22.100000000000044,65,2.125,[]
221,22.200000000000045,68,2.2777777777777777,[]
222,22.300000000000047,70,2.402777777777778,[]
223,22.40000000000005,70,2.402777777777778,[]
224,22.50000000000005,71,2.513888888888889,[]
225,22.60000000000005,68,2.472222222222222,[]
226,22.700000000000053,63,2.125,[]
227,22.800000000000054,62,2.0833333333333335,[]
228,22.900000000000055,64,2.0833333333333335,[]
229,23.000000000000057,68,2.236111111111111,[]
230,23.10000000000006,69,2.2916666666666665,[]
231,23.20000000000006,67,2.263888888888889,[]
232,23.30000000000006,65,2.263888888888889,[]
233,23.400000000000063,66,2.513888888888889,[]
234,23.500000000000064,67,2.625,[]
235,23.600000000000065,66,2.5694444444444446,[]
236,23.700000000000067,62,2.3472222222222223,[]
237,23.800000000000068,63,2.277777777777778,[]
238,23.90000000000007,66,2.3472222222222223,[]
239,24.00000000000007,64,2.3333333333333335,[]
240,24.100000000000072,64,2.2083333333333335,[]
241,24.200000000000074,66,2.3472222222222223,[]
242,24.300000000000075,70,2.513888888888889,[]
243,24.400000000000077,67,2.4444444444444446,[]
244,24.500000000000078,65,2.4027777777777777,[]
245,24.60000000000008,66,2.513888888888889,[]
246,24.70000000000008,62,2.2777777777777777,[]
247,24.800000000000082,58,2.0972222222222223,[]
248,24.900000000000084,58,2.013888888888889,[]
249,25.000000000000085,57,1.9166666666666667,[]
250,25.100000000000087,56,1.847222222222222,[]
251,25.200000000000088,58,1.9444444444444444,[]
252,25.30000000000009,59,2.013888888888889,[]
253,25.40000000000009,58,2.0,[]
254,25.500000000000092,62,2.236111111111111,[]
255,25.600000000000094,60,2.0972222222222223,[]
256,25.700000000000095,59,2.055555555555556,[]
257,25.800000000000097,60,2.0694444444444446,[]
258,25.900000000000098,62,2.0833333333333335,[]
259,26.0000000000001,65,2.125,[]
260,26.1000000000001,66,2.152777777777778,[]
261,26.200000000000102,66,2.1944444444444446,[]
262,26.300000000000104,65,2.1944444444444446,[]
263,26.400000000000105,68,2.4027777777777777,[]
264,26.500000000000107,67,2.4166666666666665,[]
265,26.600000000000108,65,2.3333333333333335,[]
266,26.70000000000011,63,2.2222222222222223,[]
267,26.80000000000011,62,2.1527777777777777,[]
268,26.900000000000112,63,2.0694444444444446,[]
269,27.000000000000114,67,2.263888888888889,[]
270,27.100000000000115,65,2.1527777777777777,[]
271,27.200000000000117,68,2.3333333333333335,[]
272,27.300000000000118,66,2.4583333333333335,[]
273,27.40000000000012,69,2.486111111111111,[]
274,27.50000000000012,70,2.5416666666666665,[]
275,27.600000000000122,66,2.486111111111111,[]
276,27.700000000000124,65,2.361111111111111,[]
277,27.800000000000125,65,2.236111111111111,[]
278,27.900000000000126,66,2.236111111111111,[]
279,28.000000000000128,67,2.222222222222222,[]
280,28.10000000000013,65,2.25,[]
281,28.20000000000013,65,2.138888888888889,[]
282,28.300000000000132,68,2.3333333333333335,[]
283,28.400000000000134,68,2.347222222222222,[]
284,28.500000000000135,68,2.375,[]
285,28.600000000000136,62,2.125,[]
286,28.700000000000138,61,2.0833333333333335,[]
287,28.80000000000014,58,1.9583333333333333,[]
288,28.90000000000014,61,1.9861111111111114,[]
289,29.000000000000142,65,2.138888888888889,[]
290,29.100000000000144,69,2.486111111111111,[]
291,29.200000000000145,70,2.555555555555556,[]
292,29.300000000000146,70,2.486111111111111,[]
293,29.400000000000148,74,2.722222222222222,[]
294,29.50000000000015,72,2.680555555555556,[]
295,29.60000000000015,69,2.513888888888889,[]
296,29.700000000000152,66,2.402777777777778,[]
297,29.800000000000153,62,2.2222222222222223,[]
298,29.900000000000155,66,2.402777777777778,[]
299,30.000000000000156,68,2.486111111111111,[]
300,30.100000000000158,65,2.2222222222222223,[]
301,30.20000000000016,66,2.361111111111111,[]
302,30.30000000000016,66,2.361111111111111,[]
303,30.400000000000162,64,2.361111111111111,[]
304,30.500000000000163,63,2.3472222222222223,[]
305,30.600000000000165,57,2.0,[]
306,30.700000000000166,58,2.1666666666666665,[]
307,30.800000000000168,56,2.027777777777778,[]
308,30.90000000000017,55,1.9027777777777777,[]
309,31.00000000000017,54,1.7916666666666667,[]
310,31.100000000000172,57,2.0555555555555554,[]
311,31.200000000000173,60,2.027777777777778,[]
312,31.300000000000175,62,2.138888888888889,[]
313,31.400000000000176,63,2.2083333333333335,[]
314,31.500000000000178,63,2.2777777777777777,[]
315,31.60000000000018,61,2.236111111111111,[]
316,31.70000000000018,60,2.111111111111111,[]
317,31.800000000000182,61,2.180555555555556,[]
318,31.900000000000183,62,2.1666666666666665,[]
319,32.000000000000185,64,2.3194444444444446,[]
320,32.100000000000186,66,2.2916666666666665,[]
321,32.20000000000019,62,2.180555555555556,[]
322,32.30000000000019,63,2.263888888888889,[]
323,32.40000000000019,63,2.2916666666666665,[]
324,32.50000000000019,64,2.375,[]
325,32.60000000000019,65,2.3333333333333335,[]
326,32.700000000000195,64,2.4305555555555554,[]
327,32.800000000000196,61,2.194444444444444,[]
328,32.9000000000002,62,2.138888888888889,[]
329,33.0000000000002,61,2.055555555555556,[]
330,33.1000000000002,62,2.0972222222222223,[]
331,33.2000000000002,65,2.4027777777777777,[]
332,33.3000000000002,66,2.4583333333333335,[]
333,33.400000000000205,62,2.305555555555556,[]
334,33.500000000000206,61,2.236111111111111,[]
335,33.60000000000021,60,2.2916666666666665,[]
336,33.70000000000021,58,2.1666666666666665,[]
337,33.80000000000021,62,2.1666666666666665,[]
338,33.90000000000021,61,2.0833333333333335,[]
339,34.00000000000021,64,2.2916666666666665,[]
340,34.100000000000215,65,2.2083333333333335,[]
341,34.200000000000216,64,2.1666666666666665,[]
342,34.30000000000022,63,2.125,[]
343,34.40000000000022,66,2.277777777777778,[]
344,34.50000000000022,64,2.25,[]
345,34.60000000000022,62,2.069444444444444,[]
346,34.70000000000022,58,1.9305555555555554,[]
347,34.800000000000225,59,2.013888888888889,[]
348,34.900000000000226,58,1.8888888888888886,[]
349,35.00000000000023,61,2.0,[]
350,35.10000000000023,62,2.2083333333333335,[]
351,35.20000000000023,64,2.2083333333333335,[]
352,35.30000000000023,63,2.361111111111111,[]
353,35.40000000000023,61,2.3333333333333335,[]
354,35.500000000000234,62,2.388888888888889,[]
355,35.600000000000236,57,2.2499999999999996,[]
356,35.70000000000024,55,2.0000000000000004,[]
357,35.80000000000024,58,2.1250000000000004,[]
358,35.90000000000024,62,2.236111111111111,[]
359,36.00000000000024,65,2.263888888888889,[]
360,36.10000000000024,62,2.1944444444444446,[]
361,36.200000000000244,63,2.25,[]
362,36.300000000000246,63,2.305555555555556,[]
363,36.40000000000025,61,2.263888888888889,[]
364,36.50000000000025,64,2.4444444444444446,[]
365,36.60000000000025,60,2.2083333333333335,[]
366,36.70000000000025,58,2.194444444444444,[]
367,36.80000000000025,57,2.138888888888889,[]
368,36.900000000000254,56,1.875,[]
369,37.000000000000256,58,1.9722222222222223,[]
370,37.10000000000026,56,1.9583333333333333,[]
371,37.20000000000026,59,2.0694444444444446,[]
372,37.30000000000026,60,2.0972222222222223,[]
373,37.40000000000026,60,2.1249999999999996,[]
374,37.50000000000026,60,2.138888888888889,[]
375,37.600000000000264,58,2.027777777777778,[]
376,37.700000000000266,57,2.013888888888889,[]
377,37.80000000000027,58,2.0277777777777777,[]
378,37.90000000000027,62,2.111111111111111,[]
379,38.00000000000027,63,2.1805555555555554,[]
380,38.10000000000027,65,2.152777777777778,[]
381,38.20000000000027,64,2.152777777777778,[]
382,38.300000000000274,68,2.375,[]
383,38.400000000000276,69,2.4444444444444446,[]
384,38.50000000000028,69,2.5277777777777777,[]
385,38.60000000000028,68,2.430555555555556,[]
386,38.70000000000028,66,2.3333333333333335,[]
387,38.80000000000028,65,2.236111111111111,[]
388,38.90000000000028,65,2.180555555555556,[]
389,39.000000000000284,63,2.0833333333333335,[]
390,39.100000000000286,62,2.0833333333333335,[]
391,39.20000000000029,66,2.305555555555556,[]
392,39.30000000000029,69,2.472222222222222,[]
393,39.40000000000029,66,2.375,[]
394,39.50000000000029,65,2.361111111111111,[]
395,39.60000000000029,64,2.444444444444444,[]
396,39.700000000000294,61,2.1666666666666665,[]
397,39.800000000000296,61,2.1527777777777777,[]
398,39.9000000000003,65,2.25,[]
399,40.0000000000003,64,2.152777777777778,[]
400,40.1000000000003,65,2.1944444444444446,[]
401,40.2000000000003,65,2.25,[]
402,40.3000000000003,64,2.25,[]
403,40.400000000000304,65,2.263888888888889,[]
404,40.500000000000306,65,2.319444444444444,[]
405,40.60000000000031,64,2.305555555555556,[]
406,40.70000000000031,61,2.125,[]
407,40.80000000000031,62,2.0,[]
408,40.90000000000031,63,1.9861111111111114,[]
409,41.00000000000031,67,2.125,[]
410,41.100000000000314,71,2.319444444444444,[]
411,41.200000000000315,71,2.361111111111111,[]
412,41.30000000000032,72,2.611111111111111,[]
413,41.40000000000032,70,2.5833333333333335,[]
414,41.50000000000032,71,2.527777777777778,[]
415,41.60000000000032,67,2.3333333333333335,[]
416,41.70000000000032,66,2.3333333333333335,[]
417,41.800000000000324,70,2.527777777777778,[]
418,41.900000000000325,73,2.569444444444444,[]
419,42.00000000000033,76,2.625,[]
420,42.10000000000033,74,2.5277777777777777,[]
421,42.20000000000033,76,2.6666666666666665,[]
422,42.30000000000033,73,2.611111111111111,[]
423,42.40000000000033,76,2.888888888888889,[]
424,42.500000000000334,74,2.7361111111111107,[]
425,42.600000000000335,68,2.4305555555555554,[]
426,42.70000000000034,65,2.2916666666666665,[]
427,42.80000000000034,66,2.2777777777777777,[]
428,42.90000000000034,65,2.319444444444444,[]
429,43.00000000000034,65,2.25,[]
430,43.10000000000034,69,2.3194444444444446,[]
431,43.200000000000344,69,2.361111111111111,[]
432,43.300000000000345,68,2.361111111111111,[]
433,43.40000000000035,68,2.375,[]
434,43.50000000000035,69,2.486111111111111,[]
435,43.60000000000035,66,2.444444444444444,[]
436,43.70000000000035,64,2.236111111111111,[]
437,43.80000000000035,64,2.263888888888889,[]
438,43.900000000000354,64,2.1666666666666665,[]
439,44.000000000000355,63,2.0416666666666665,[]
440,44.10000000000036,64,2.125,[]
441,44.20000000000036,68,2.4166666666666665,[]
442,44.30000000000036,68,2.375,[]
443,44.40000000000036,69,2.430555555555556,[]
444,44.50000000000036,69,2.625,[]
445,44.600000000000364,66,2.513888888888889,[]
446,44.700000000000365,62,2.305555555555556,[]
447,44.80000000000037,59,2.2222222222222223,[]
448,44.90000000000037,58,1.9305555555555556,[]
449,45.00000000000037,60,2.0,[]
450,45.10000000000037,62,2.125,[]
451,45.20000000000037,64,2.180555555555556,[]
452,45.300000000000374,62,2.152777777777778,[]
453,45.400000000000375,65,2.305555555555556,[]
454,45.50000000000038,65,2.3749999999999996,[]
455,45.60000000000038,59,2.055555555555556,[]
456,45.70000000000038,61,2.125,[]
457,45.80000000000038,63,2.1805555555555554,[]
458,45.90000000000038,67,2.277777777777778,[]
459,46.000000000000384,63,2.0833333333333335,[]
460,46.100000000000385,67,2.25,[]
461,46.20000000000039,66,2.25,[]
462,46.30000000000039,67,2.3333333333333335,[]
463,46.40000000000039,65,2.277777777777778,[]
464,46.50000000000039,65,2.236111111111111,[]
465,46.60000000000039,66,2.4027777777777777,[]
466,46.700000000000394,60,2.1527777777777777,[]
467,46.800000000000395,57,1.875,[]
468,46.9000000000004,60,1.9444444444444444,[]
469,47.0000000000004,60,1.9444444444444446,[]
470,47.1000000000004,63,2.0833333333333335,[]
471,47.2000000000004,64,2.1805555555555554,[]
472,47.3000000000004,65,2.263888888888889,[]
473,47.400000000000404,66,2.513888888888889,[]
474,47.500000000000405,65,2.4444444444444446,[]
475,47.600000000000406,65,2.388888888888889,[]
476,47.70000000000041,64,2.3333333333333335,[]
477,47.80000000000041,65,2.3055555555555554,[]
478,47.90000000000041,69,2.4305555555555554,[]
479,48.00000000000041,66,2.25,[]
480,48.10000000000041,67,2.347222222222222,[]
481,48.200000000000415,62,2.1666666666666665,[]
482,48.300000000000416,62,2.319444444444444,[]
483,48.40000000000042,63,2.347222222222222,[]
484,48.50000000000042,64,2.4027777777777777,[]
485,48.60000000000042,60,2.194444444444444,[]
486,48.70000000000042,55,1.9444444444444444,[]
487,48.80000000000042,54,1.847222222222222,[]
488,48.900000000000425,56,1.9305555555555554,[]
489,49.000000000000426,57,1.8611111111111114,[]
490,49.10000000000043,58,1.9166666666666667,[]
491,49.20000000000043,61,2.1666666666666665,[]
492,49.30000000000043,65,2.2083333333333335,[]
493,49.40000000000043,65,2.236111111111111,[]
494,49.50000000000043,66,2.305555555555556,[]
495,49.600000000000435,65,2.25,[]
496,49.700000000000436,62,2.111111111111111,[]
497,49.80000000000044,64,2.1666666666666665,[]
498,49.90000000000044,68,2.263888888888889,[]
499,50.00000000000044,69,2.236111111111111,[]
500,50.10000000000044,70,2.2916666666666665,[]
501,50.20000000000044,67,2.319444444444444,[]
502,50.300000000000445,68,2.3055555555555554,[]
503,50.400000000000446,66,2.263888888888889,[]
504,50.50000000000045,67,2.375,[]
505,50.60000000000045,64,2.4027777777777777,[]
506,50.70000000000045,62,2.305555555555556,[]
507,50.80000000000045,57,2.125,[]
508,50.90000000000045,58,1.9861111111111114,[]
509,51.000000000000455,61,2.0694444444444446,[]
510,51.100000000000456,64,2.2083333333333335,[]
511,51.20000000000046,66,2.4583333333333335,[]
512,51.30000000000046,67,2.4444444444444446,[]
513,51.40000000000046,63,2.3055555555555554,[]
514,51.50000000000046,64,2.361111111111111,[]
515,51.60000000000046,62,2.208333333333333,[]
516,51.700000000000465,59,2.194444444444444,[]
517,51.800000000000466,62,2.1527777777777777,[]
518,51.90000000000047,62,2.0833333333333335,[]
519,52.00000000000047,62,2.055555555555556,[]
520,52.10000000000047,60,2.0,[]
521,52.20000000000047,60,2.0555555555555554,[]
522,52.30000000000047,64,2.263888888888889,[]
523,52.400000000000475,63,2.2083333333333335,[]
524,52.500000000000476,64,2.2916666666666665,[]
525,52.60000000000048,58,2.125,[]
526,52.70000000000048,56,1.972222222222222,[]
527,52.80000000000048,55,1.861111111111111,[]
528,52.90000000000048,53,1.6944444444444446,[]
529,53.00000000000048,54,1.75,[]
530,53.100000000000485,58,1.9166666666666667,[]
531,53.200000000000486,62,2.2916666666666665,[]
532,53.30000000000049,60,2.2083333333333335,[]
533,53.40000000000049,59,2.263888888888889,[]
534,53.50000000000049,58,2.111111111111111,[]
535,53.60000000000049,59,2.1944444444444446,[]
536,53.70000000000049,60,2.125,[]
537,53.800000000000495,62,2.236111111111111,[]
538,53.900000000000496,63,2.2222222222222223,[]
539,54.0000000000005,63,2.2083333333333335,[]
540,54.1000000000005,58,2.0,[]
541,54.2000000000005,61,2.194444444444444,[]
542,54.3000000000005,59,2.1666666666666665,[]
543,54.4000000000005,57,2.138888888888889,[]
544,54.500000000000504,56,2.1666666666666665,[]
545,54.600000000000506,54,1.9444444444444444,[]
546,54.70000000000051,54,1.9583333333333333,[]
547,54.80000000000051,55,2.111111111111111,[]
548,54.90000000000051,54,1.9305555555555554,[]
549,55.00000000000051,54,1.8194444444444444,[]
550,55.10000000000051,57,2.097222222222222,[]
551,55.200000000000514,56,1.9166666666666667,[]
552,55.300000000000516,60,2.111111111111111,[]
553,55.40000000000052,61,2.180555555555556,[]
554,55.50000000000052,61,2.2083333333333335,[]
555,55.60000000000052,57,1.986111111111111,[]
556,55.70000000000052,57,2.0277777777777777,[]
557,55.80000000000052,59,2.0833333333333335,[]
558,55.900000000000524,59,1.9722222222222223,[]
559,56.000000000000526,62,2.1666666666666665,[]
560,56.10000000000053,64,2.236111111111111,[]
561,56.20000000000053,66,2.222222222222222,[]
562,56.30000000000053,65,2.263888888888889,[]
563,56.40000000000053,66,2.3333333333333335,[]
564,56.50000000000053,65,2.3333333333333335,[]
565,56.600000000000534,67,2.5,[]
566,56.700000000000536,68,2.513888888888889,[]
567,56.80000000000054,68,2.444444444444444,[]
568,56.90000000000054,67,2.263888888888889,[]
569,57.00000000000054,67,2.2222222222222223,[]
570,57.10000000000054,67,2.361111111111111,[]
571,57.20000000000054,67,2.361111111111111,[]
572,57.300000000000544,66,2.263888888888889,[]
573,57.400000000000546,67,2.486111111111111,[]
574,57.50000000000055,65,2.430555555555556,[]
575,57.60000000000055,66,2.361111111111111,[]
576,57.70000000000055,63,2.1666666666666665,[]
577,57.80000000000055,65,2.236111111111111,[]
578,57.90000000000055,69,2.3194444444444446,[]
579,58.000000000000554,69,2.4166666666666665,[]
580,58.100000000000556,70,2.3333333333333335,[]
581,58.20000000000056,73,2.486111111111111,[]
582,58.30000000000056,76,2.638888888888889,[]
583,58.40000000000056,77,2.694444444444444,[]
584,58.50000000000056,77,2.736111111111111,[]
585,58.60000000000056,70,2.347222222222222,[]
586,58.700000000000564,69,2.388888888888889,[]
587,58.800000000000566,67,2.25,[]
588,58.90000000000057,66,2.1527777777777777,[]
589,59.00000000000057,70,2.3333333333333335,[]
590,59.10000000000057,70,2.3055555555555554,[]
591,59.20000000000057,70,2.361111111111111,[]
592,59.30000000000057,70,2.569444444444444,[]
593,59.400000000000574,71,2.5555555555555554,[]
594,59.500000000000576,67,2.4583333333333335,[]
595,59.60000000000058,66,2.555555555555556,[]
596,59.70000000000058,63,2.25,[]
597,59.80000000000058,65,2.319444444444444,[]
598,59.90000000000058,69,2.5416666666666665,[]
599,60.00000000000058,71,2.430555555555556,[]
600,60.100000000000584,70,2.444444444444444,[]
601,60.200000000000585,69,2.569444444444444,[]
602,60.30000000000059,69,2.5,[]
603,60.40000000000059,68,2.555555555555556,[]
604,60.50000000000059,67,2.5,[]
605,60.60000000000059,64,2.3472222222222223,[]
606,60.70000000000059,63,2.4583333333333335,[]
607,60.800000000000594,59,2.1944444444444446,[]
608,60.900000000000595,60,2.2083333333333335,[]
609,61.0000000000006,58,1.902777777777778,[]
610,61.1000000000006,62,2.0972222222222223,[]
611,61.2000000000006,66,2.430555555555556,[]
612,61.3000000000006,66,2.3055555555555554,[]
613,61.4000000000006,66,2.3333333333333335,[]
614,61.500000000000604,65,2.3194444444444446,[]
615,61.600000000000605,64,2.236111111111111,[]
616,61.70000000000061,63,2.194444444444444,[]
617,61.80000000000061,64,2.222222222222222,[]
618,61.90000000000061,66,2.236111111111111,[]
619,62.00000000000061,67,2.194444444444444,[]
620,62.10000000000061,71,2.3194444444444446,[]
621,62.200000000000614,70,2.319444444444444,[]
622,62.300000000000615,72,2.486111111111111,[]
623,62.40000000000062,71,2.486111111111111,[]
