,Time,TotalTraffic,AverageTraffic,SpecialVehicles,AverageWaitingTime
0,0.1,0,0.0,[],0.0
1,0.2,8,0.3055555555555555,[],3.8358561592230602
2,0.30000000000000004,14,0.49999999999999994,[],3.7604881798594314
3,0.4,21,0.7222222222222222,[],3.265860213671652
4,0.5,27,0.9166666666666666,[],3.822542440971767
5,0.6,29,1.0,[],3.571414494840346
6,0.7,33,1.222222222222222,[],3.778049014704963
7,0.7999999999999999,38,1.2777777777777777,[],3.8631405750352728
8,0.8999999999999999,42,1.527777777777778,[],3.8315524251324082
9,0.9999999999999999,45,1.5,[],4.15410472086738
10,1.0999999999999999,53,1.763888888888889,[],4.176284245435035
11,1.2,58,2.013888888888889,[],4.175990605889282
12,1.3,66,2.2083333333333335,[],4.10589871165539
13,1.4000000000000001,71,2.3333333333333335,[],4.1242115017030425
14,1.5000000000000002,76,2.597222222222222,[],4.195264359611862
15,1.6000000000000003,82,2.652777777777778,[],4.307953758537124
16,1.7000000000000004,86,2.902777777777778,[],4.314244033220935
17,1.8000000000000005,90,2.930555555555556,[],4.546705355990522
18,1.9000000000000006,96,3.152777777777778,[],4.4480424581811375
19,2.0000000000000004,101,3.375,[],4.599704478786322
20,2.1000000000000005,105,3.4027777777777772,[],4.703539605054357
21,2.2000000000000006,113,3.7361111111111107,[],4.795171460207559
22,2.3000000000000007,116,3.805555555555556,[],4.827920425479988
23,2.400000000000001,124,4.041666666666667,[],4.815147584645098
24,2.500000000000001,126,4.111111111111112,[],4.948129858542818
25,2.600000000000001,134,4.375,[],4.9632063694827115
26,2.700000000000001,140,4.541666666666667,[],4.977633776239926
27,2.800000000000001,144,4.680555555555555,[],5.004573457878899
28,2.9000000000000012,150,4.902777777777778,[],5.117593969686081
29,3.0000000000000013,156,5.083333333333333,[],5.187735347726796
30,3.1000000000000014,164,5.361111111111112,[],5.182943634167655
31,3.2000000000000015,170,5.583333333333333,[],5.239328019860317
32,3.3000000000000016,174,5.722222222222222,[],5.336488120283069
33,3.4000000000000017,181,5.930555555555556,[],5.404653644198524
34,3.5000000000000018,187,6.125,[],5.428140206486269
35,3.600000000000002,195,6.486111111111111,[],5.440888948974036
36,3.700000000000002,199,6.513888888888889,[],5.537273589430908
37,3.800000000000002,207,6.75,[],5.593515111454498
38,3.900000000000002,212,6.972222222222222,[],5.631063555238431
39,4.000000000000002,219,7.1805555555555545,[],5.660225596211611
40,4.100000000000001,225,7.402777777777779,[],5.7126411834817254
41,4.200000000000001,233,7.652777777777778,[],5.7270370255477765
42,4.300000000000001,239,7.875,[],5.7322670180055635
43,4.4,243,8.0,[],5.779726746842492
44,4.5,247,8.069444444444445,[],5.882483427249178
45,4.6,252,8.208333333333334,[],5.901151056355186
46,4.699999999999999,257,8.513888888888888,[],5.930708049173505
47,4.799999999999999,262,8.555555555555555,[],5.99912665822951
48,4.899999999999999,266,8.611111111111112,[],6.080025533732341
49,4.999999999999998,274,8.972222222222221,[],6.069019346493888
50,5.099999999999998,275,8.98611111111111,[],6.205600466211128
51,5.1999999999999975,279,9.027777777777777,[],5.965176204456142
52,5.299999999999997,276,8.833333333333334,[],5.861367526359009
53,5.399999999999997,276,8.777777777777777,[],5.736947513312194
54,5.4999999999999964,273,8.763888888888888,[],5.650330216544168
55,5.599999999999996,272,8.63888888888889,[],5.605483449777808
56,5.699999999999996,270,8.555555555555555,[],5.580372852306576
57,5.799999999999995,270,8.569444444444445,[],5.558610027579862
58,5.899999999999995,270,8.638888888888888,[],5.544609383129748
59,5.999999999999995,272,8.916666666666666,[],5.473797113340353
60,6.099999999999994,274,8.888888888888888,[],5.4799444901998715
61,6.199999999999994,275,9.0,[],5.473825328057879
62,6.299999999999994,277,9.138888888888888,[],5.497252873225416
63,6.399999999999993,279,9.263888888888888,[],5.5201969854268915
64,6.499999999999993,284,9.652777777777779,[],5.472094444108529
65,6.5999999999999925,286,9.75,[],5.48084246409012
66,6.699999999999992,290,9.805555555555557,[],5.507621938268599
67,6.799999999999992,293,9.930555555555557,[],5.54187124288219
68,6.8999999999999915,298,10.152777777777779,[],5.539751329293967
69,6.999999999999991,306,10.513888888888891,[],5.504897070113967
70,7.099999999999991,311,10.722222222222221,[],5.502226415324712
71,7.19999999999999,314,10.875,[],5.53229633341832
72,7.29999999999999,322,11.361111111111112,[],5.504689483561349
73,7.39999999999999,328,11.597222222222221,[],5.533692036391072
74,7.499999999999989,336,11.944444444444443,[],5.497221733955449
75,7.599999999999989,339,11.944444444444445,[],5.56947421617504
76,7.699999999999989,346,12.388888888888888,[],5.560747012520457
77,7.799999999999988,349,12.402777777777777,[],5.6372079849084455
78,7.899999999999988,353,12.569444444444445,[],5.66079765786436
79,7.999999999999988,361,12.930555555555555,[],5.691007427155874
80,8.099999999999987,366,13.138888888888888,[],5.754474817125756
81,8.199999999999987,374,13.625,[],5.744840027304296
82,8.299999999999986,377,13.763888888888888,[],5.812595710116232
83,8.399999999999986,385,13.986111111111112,[],5.84710820092134
84,8.499999999999986,388,14.111111111111109,[],5.920062135272533
85,8.599999999999985,395,14.430555555555555,[],5.978413940047747
86,8.699999999999985,400,14.638888888888888,[],6.058084142280547
87,8.799999999999985,408,15.111111111111109,[],6.079389100881477
88,8.899999999999984,411,15.125000000000002,[],6.1857852012471355
89,8.999999999999984,417,15.388888888888888,[],6.245872075295305
90,9.099999999999984,425,15.722222222222223,[],6.284610647448424
91,9.199999999999983,432,16.166666666666668,[],6.334572104210988
92,9.299999999999983,436,16.180555555555554,[],6.445499238331707
93,9.399999999999983,444,16.666666666666664,[],6.483067326283762
94,9.499999999999982,449,16.805555555555554,[],6.562399444698411
95,9.599999999999982,455,17.0,[],6.650155154347672
96,9.699999999999982,461,17.250000000000004,[],6.728092035826836
97,9.799999999999981,467,17.51388888888889,[],6.803926330334077
98,9.89999999999998,474,17.958333333333332,[],6.85325818502213
99,9.99999999999998,479,18.125000000000004,[],6.943005247075695
100,10.09999999999998,485,18.25,[],7.051957821431228
101,10.19999999999998,485,18.194444444444443,[],6.905238706488327
102,10.29999999999998,489,18.430555555555554,[],6.722659681966338
103,10.399999999999979,486,18.23611111111111,[],6.632196593202916
104,10.499999999999979,483,17.98611111111111,[],6.564004361003054
105,10.599999999999978,482,17.819444444444446,[],6.494193856104559
106,10.699999999999978,479,17.59722222222222,[],6.459803113472785
107,10.799999999999978,476,17.416666666666668,[],6.438296916835381
108,10.899999999999977,476,17.499999999999996,[],6.4111455333001
109,10.999999999999977,473,17.333333333333336,[],6.419979849618634
110,11.099999999999977,476,17.38888888888889,[],6.3971656949879865
111,11.199999999999976,475,17.15277777777778,[],6.435955386930583
112,11.299999999999976,476,17.291666666666668,[],6.4653668974096785
113,11.399999999999975,477,17.277777777777775,[],6.515606590807222
114,11.499999999999975,474,17.11111111111111,[],6.605462235321637
115,11.599999999999975,477,17.166666666666668,[],6.668269539689524
116,11.699999999999974,480,17.11111111111111,[],6.753959051317289
117,11.799999999999974,482,17.305555555555554,[],6.7756442939892105
118,11.899999999999974,484,17.27777777777778,[],6.78589535088306
119,11.999999999999973,485,17.416666666666668,[],6.860879152811756
120,12.099999999999973,485,17.305555555555557,[],6.90108927467411
121,12.199999999999973,486,17.48611111111111,[],6.947762701087887
122,12.299999999999972,486,17.36111111111111,[],6.985020100982008
123,12.399999999999972,490,17.61111111111111,[],7.056760152880474
124,12.499999999999972,495,17.694444444444446,[],7.060846234673321
125,12.599999999999971,492,17.61111111111111,[],7.164857974032505
126,12.69999999999997,496,17.90277777777778,[],7.212157384696629
127,12.79999999999997,499,17.791666666666668,[],7.321910963068744
128,12.89999999999997,506,18.23611111111111,[],7.322418964604893
129,12.99999999999997,509,18.194444444444446,[],7.420132865811394
130,13.09999999999997,511,18.40277777777778,[],7.471448810885709
131,13.199999999999969,514,18.34722222222222,[],7.603515002546575
132,13.299999999999969,515,18.375,[],7.698258696985975
133,13.399999999999968,517,18.48611111111111,[],7.773332096262592
134,13.499999999999968,525,18.75,[],7.794923185906451
135,13.599999999999968,531,19.01388888888889,[],7.835028355408793
136,13.699999999999967,534,18.972222222222225,[],7.859061701673274
137,13.799999999999967,539,19.166666666666668,[],7.891906316940519
138,13.899999999999967,542,19.22222222222222,[],7.895998294664802
139,13.999999999999966,548,19.47222222222222,[],7.894857973429494
140,14.099999999999966,550,19.555555555555557,[],7.931252757183988
141,14.199999999999966,556,19.652777777777775,[],7.950462714918923
142,14.299999999999965,561,19.805555555555554,[],8.08949863091058
143,14.399999999999965,569,20.09722222222222,[],8.084656389299827
144,14.499999999999964,577,20.34722222222222,[],8.075331224548016
145,14.599999999999964,583,20.61111111111111,[],8.11348720702098
146,14.699999999999964,591,20.805555555555554,[],8.148503349242409
147,14.799999999999963,594,20.875,[],8.14749939613522
148,14.899999999999963,601,21.194444444444446,[],8.169374360106053
149,14.999999999999963,604,21.15277777777778,[],8.257910812861299
150,15.099999999999962,607,21.23611111111111,[],8.276442086198784
151,15.199999999999962,615,21.486111111111114,[],8.110557300865702
152,15.299999999999962,612,21.430555555555554,[],7.995959415174921
153,15.399999999999961,609,21.180555555555554,[],7.902323214659487
154,15.499999999999961,608,21.01388888888889,[],7.809714960223859
155,15.59999999999996,605,20.916666666666668,[],7.759395669369398
156,15.69999999999996,602,20.708333333333332,[],7.731561394633525
157,15.79999999999996,601,20.541666666666668,[],7.705609337772016
158,15.89999999999996,598,20.416666666666668,[],7.7004745685300415
159,15.99999999999996,595,20.26388888888889,[],7.701949938168085
160,16.09999999999996,594,20.194444444444443,[],7.656421242846174
161,16.19999999999996,594,20.194444444444446,[],7.617500884058104
162,16.29999999999996,594,20.180555555555554,[],7.571978686906141
163,16.399999999999963,594,20.222222222222225,[],7.535653852891786
164,16.499999999999964,594,20.277777777777775,[],7.505295568219162
165,16.599999999999966,594,20.305555555555554,[],7.4932616298855
166,16.699999999999967,594,20.333333333333332,[],7.488419028335875
167,16.79999999999997,595,20.430555555555554,[],7.482379512632814
168,16.89999999999997,595,20.625,[],7.490645279977028
169,16.99999999999997,595,20.65277777777778,[],7.519124701337207
170,17.099999999999973,595,20.680555555555554,[],7.533212868206766
171,17.199999999999974,597,20.708333333333332,[],7.5314587253264085
172,17.299999999999976,597,20.73611111111111,[],7.561537740442517
173,17.399999999999977,598,20.76388888888889,[],7.593004146379741
174,17.49999999999998,599,20.791666666666668,[],7.635929497272458
175,17.59999999999998,601,20.819444444444446,[],7.679947312252757
176,17.69999999999998,601,20.875,[],7.751494895372155
177,17.799999999999983,601,20.819444444444443,[],7.838583063317598
178,17.899999999999984,601,20.847222222222225,[],7.937346532600986
179,17.999999999999986,601,20.75,[],8.061164422315999
180,18.099999999999987,606,20.930555555555554,[],8.149364895562165
181,18.19999999999999,610,21.11111111111111,[],8.251579202146708
182,18.29999999999999,615,21.333333333333332,[],8.345766914337876
183,18.39999999999999,620,21.555555555555557,[],8.442815196945835
184,18.499999999999993,625,21.777777777777775,[],8.542655396280594
185,18.599999999999994,630,22.0,[],8.645221038134359
186,18.699999999999996,635,22.222222222222225,[],8.750447741975194
187,18.799999999999997,640,22.444444444444443,[],8.858273139162772
188,18.9,645,22.625,[],8.983678697624285
189,19.0,652,22.88888888888889,[],9.086699383987574
190,19.1,660,23.194444444444443,[],9.17838883047291
191,19.200000000000003,668,23.5,[],9.270331476714368
192,19.300000000000004,676,23.805555555555557,[],9.36251833337149
193,19.400000000000006,684,24.11111111111111,[],9.454940831657765
194,19.500000000000007,692,24.416666666666668,[],9.54759079903114
195,19.60000000000001,700,24.722222222222225,[],9.640460436551484
196,19.70000000000001,708,25.027777777777775,[],9.733542297773141
197,19.80000000000001,716,25.333333333333332,[],9.82682926905249
198,19.900000000000013,724,25.63888888888889,[],9.920314551161098
199,20.000000000000014,732,25.944444444444443,[],10.013991642104564
200,20.100000000000016,740,26.25,[],10.107854321055813
201,20.200000000000017,742,26.416666666666668,[],9.908027995669675
202,20.30000000000002,745,26.416666666666668,[],9.716527045580237
203,20.40000000000002,743,26.25,[],9.58686272752588
204,20.50000000000002,742,26.083333333333332,[],9.458579022296167
205,20.600000000000023,739,25.833333333333332,[],9.36394180128074
206,20.700000000000024,736,25.583333333333332,[],9.281494514777842
207,20.800000000000026,733,25.527777777777775,[],9.205959732584159
208,20.900000000000027,732,25.375,[],9.12539427709929
209,21.00000000000003,729,25.222222222222225,[],9.07516254038989
210,21.10000000000003,731,25.194444444444443,[],8.990668507770092
211,21.20000000000003,731,25.083333333333332,[],8.939393165237387
212,21.300000000000033,731,24.98611111111111,[],8.890633914185026
213,21.400000000000034,732,24.972222222222225,[],8.851718743869483
214,21.500000000000036,737,25.277777777777782,[],8.775211497283859
215,21.600000000000037,742,25.277777777777775,[],8.727411864468174
216,21.70000000000004,743,25.26388888888889,[],8.72082202258656
217,21.80000000000004,743,25.291666666666668,[],8.659348754873413
218,21.90000000000004,745,25.38888888888889,[],8.599793313562522
219,22.000000000000043,742,25.277777777777782,[],8.58314653206032
220,22.100000000000044,744,25.347222222222225,[],8.547102082220963
221,22.200000000000045,747,25.51388888888889,[],8.478263201458246
222,22.300000000000047,749,25.708333333333332,[],8.438332695143794
223,22.40000000000005,752,25.694444444444443,[],8.400484615251766
224,22.50000000000005,753,25.875,[],8.370688090881323
225,22.60000000000005,757,25.902777777777782,[],8.35521742565403
226,22.700000000000053,759,25.986111111111114,[],8.309097804579482
227,22.800000000000054,759,25.930555555555557,[],8.338880774399946
228,22.900000000000055,763,26.083333333333332,[],8.308311340084089
229,23.000000000000057,765,26.13888888888889,[],8.297777173708006
230,23.10000000000006,769,26.333333333333332,[],8.254423343575196
231,23.20000000000006,767,26.26388888888889,[],8.289130539657265
232,23.30000000000006,769,26.333333333333332,[],8.308554471239766
233,23.400000000000063,773,26.541666666666668,[],8.29974161306018
234,23.500000000000064,772,26.680555555555557,[],8.308427396767492
235,23.600000000000065,775,26.777777777777775,[],8.327493283988506
236,23.700000000000067,777,26.791666666666668,[],8.340816955866613
237,23.800000000000068,777,26.805555555555557,[],8.361796398224607
238,23.90000000000007,784,27.041666666666668,[],8.359859517178752
239,24.00000000000007,790,27.347222222222218,[],8.355557196895608
240,24.100000000000072,795,27.527777777777782,[],8.368096142115474
241,24.200000000000074,800,27.805555555555557,[],8.384026378370178
242,24.300000000000075,808,28.055555555555557,[],8.349558257366178
243,24.400000000000077,810,28.11111111111111,[],8.391878311308448
244,24.500000000000078,816,28.48611111111111,[],8.367773654926912
245,24.60000000000008,821,28.569444444444446,[],8.387395222889786
246,24.70000000000008,826,28.777777777777782,[],8.44735274869469
247,24.800000000000082,832,29.0,[],8.470210363686487
248,24.900000000000084,838,29.36111111111111,[],8.452429939704949
249,25.000000000000085,844,29.555555555555554,[],8.480961316199883
250,25.100000000000087,848,29.736111111111114,[],8.493683837613501
251,25.200000000000088,850,29.916666666666668,[],8.39983670970437
252,25.30000000000009,847,29.666666666666668,[],8.356052170306782
253,25.40000000000009,845,29.5,[],8.321371778996753
254,25.500000000000092,848,29.541666666666668,[],8.267824027056689
255,25.600000000000094,845,29.291666666666668,[],8.275518090610735
256,25.700000000000095,842,29.152777777777775,[],8.29415846532436
257,25.800000000000097,840,28.98611111111111,[],8.328981040283757
258,25.900000000000098,838,28.777777777777782,[],8.381421458980594
259,26.0000000000001,835,28.527777777777775,[],8.459931324115775
260,26.1000000000001,832,28.291666666666668,[],8.54169089762349
261,26.200000000000102,829,28.277777777777782,[],8.58641204608387
262,26.300000000000104,828,28.180555555555554,[],8.608685456207034
263,26.400000000000105,825,28.138888888888886,[],8.653448157404547
264,26.500000000000107,825,28.13888888888889,[],8.67965743602044
265,26.600000000000108,825,28.13888888888889,[],8.707009806175238
266,26.70000000000011,825,28.138888888888886,[],8.735311577737699
267,26.80000000000011,825,28.166666666666668,[],8.774575662215247
268,26.900000000000112,826,28.263888888888886,[],8.803937278491073
269,27.000000000000114,826,28.430555555555554,[],8.852655979054939
270,27.100000000000115,826,28.430555555555557,[],8.901818475703635
271,27.200000000000117,826,28.541666666666668,[],8.947470429263614
272,27.300000000000118,827,28.61111111111111,[],8.998200912357408
273,27.40000000000012,828,28.694444444444443,[],9.05163677706119
274,27.50000000000012,830,28.777777777777782,[],9.104232815627665
275,27.600000000000122,830,28.847222222222225,[],9.17605361667304
276,27.700000000000124,832,28.930555555555554,[],9.233098920283808
277,27.800000000000125,832,29.041666666666668,[],9.305535980007873
278,27.900000000000126,832,29.027777777777782,[],9.389437489819313
279,28.000000000000128,832,29.0,[],9.480564379797455
280,28.10000000000013,832,29.125,[],9.570642123902784
281,28.20000000000013,834,29.263888888888886,[],9.642466595349234
282,28.300000000000132,834,29.26388888888889,[],9.74350307206128
283,28.400000000000134,834,29.319444444444443,[],9.849491465165212
284,28.500000000000135,836,29.388888888888886,[],9.936689760768706
285,28.600000000000136,836,29.375,[],10.047722663625144
286,28.700000000000138,836,29.375,[],10.165246321975891
287,28.80000000000014,836,29.430555555555557,[],10.286127541777386
288,28.90000000000014,836,29.444444444444443,[],10.393102820203241
289,29.000000000000142,836,29.444444444444443,[],10.498940141238386
290,29.100000000000144,836,29.583333333333332,[],10.611015143028947
291,29.200000000000145,836,29.583333333333332,[],10.730938401019399
292,29.300000000000146,836,29.527777777777775,[],10.858406824487412
293,29.400000000000148,838,29.638888888888886,[],10.97027107242514
294,29.50000000000015,840,29.666666666666668,[],11.094201299838774
295,29.60000000000015,842,29.680555555555557,[],11.235743279615718
296,29.700000000000152,845,29.819444444444446,[],11.369097058186192
297,29.800000000000153,850,30.041666666666668,[],11.4804192106528
298,29.900000000000155,855,30.26388888888889,[],11.592777660330345
299,30.000000000000156,860,30.444444444444446,[],11.705762996753762
300,30.100000000000158,868,30.75,[],11.783846346114164
301,30.20000000000016,867,30.791666666666668,[],11.712816857430065
302,30.30000000000016,865,30.625,[],11.64670679169103
303,30.400000000000162,863,30.458333333333332,[],11.590197455841485
304,30.500000000000163,863,30.38888888888889,[],11.520002807188074
305,30.600000000000165,860,30.13888888888889,[],11.494344250690162
306,30.700000000000166,863,30.25,[],11.419710303486461
307,30.800000000000168,862,30.083333333333332,[],11.39048825951804
308,30.90000000000017,859,29.916666666666668,[],11.39015751338029
309,31.00000000000017,859,29.833333333333332,[],11.366386824754857
310,31.100000000000172,860,29.805555555555557,[],11.344582820252526
311,31.200000000000173,857,29.583333333333332,[],11.370858296005064
312,31.300000000000175,856,29.555555555555554,[],11.380787730856607
313,31.400000000000176,856,29.51388888888889,[],11.391637351465327
314,31.500000000000178,853,29.333333333333332,[],11.440750790441516
315,31.60000000000018,850,29.138888888888886,[],11.501844432082756
316,31.70000000000018,850,28.944444444444443,[],11.54205912204584
317,31.800000000000182,848,28.819444444444446,[],11.592209723058637
318,31.900000000000183,849,28.902777777777782,[],11.562856958978038
319,32.000000000000185,851,29.0,[],11.519165700331103
320,32.100000000000186,850,28.944444444444446,[],11.540419793413417
321,32.20000000000019,850,28.944444444444446,[],11.580348299666563
322,32.30000000000019,855,29.26388888888889,[],11.534820506438448
323,32.40000000000019,854,29.097222222222225,[],11.550319945876037
324,32.50000000000019,854,29.125,[],11.564145757415348
325,32.60000000000019,853,29.069444444444446,[],11.59626008042798
326,32.700000000000195,856,29.319444444444446,[],11.622446959906384
327,32.800000000000196,859,29.319444444444446,[],11.622571982860816
328,32.9000000000002,864,29.5,[],11.61226413963053
329,33.0000000000002,861,29.319444444444446,[],11.691724296878842
330,33.1000000000002,860,29.23611111111111,[],11.72529038664497
331,33.2000000000002,862,29.430555555555557,[],11.704451430524477
332,33.3000000000002,867,29.51388888888889,[],11.6736197273779
333,33.400000000000205,866,29.333333333333332,[],11.746684168456746
334,33.500000000000206,868,29.416666666666668,[],11.771485782781197
335,33.60000000000021,868,29.458333333333332,[],11.815247615490929
336,33.70000000000021,873,29.541666666666668,[],11.807332757187469
337,33.80000000000021,876,29.652777777777775,[],11.81990537636236
338,33.90000000000021,881,29.86111111111111,[],11.80132144491022
339,34.00000000000021,883,30.041666666666668,[],11.810299689493656
340,34.100000000000215,885,29.986111111111114,[],11.831817921572046
341,34.200000000000216,889,30.069444444444443,[],11.851292979683997
342,34.30000000000022,892,30.152777777777782,[],11.878431947818388
343,34.40000000000022,897,30.319444444444443,[],11.863341411054261
344,34.50000000000022,899,30.361111111111114,[],11.89379629002143
345,34.60000000000022,904,30.51388888888889,[],11.889152362094165
346,34.70000000000022,906,30.597222222222218,[],11.956065878522645
347,34.800000000000225,911,30.777777777777782,[],11.94073011389647
348,34.900000000000226,911,30.76388888888889,[],12.003031735234853
349,35.00000000000023,916,30.916666666666668,[],12.032817716472115
350,35.10000000000023,918,31.0,[],12.055496760089481
351,35.20000000000023,920,31.01388888888889,[],11.900689274369016
352,35.30000000000023,917,30.958333333333332,[],11.820877214236562
353,35.40000000000023,914,30.76388888888889,[],11.758360844503493
354,35.500000000000234,912,30.555555555555557,[],11.70221089174282
355,35.600000000000236,909,30.388888888888886,[],11.673123416092318
356,35.70000000000024,906,30.138888888888886,[],11.659911150233215
357,35.80000000000024,905,30.055555555555557,[],11.63184319524683
358,35.90000000000024,904,29.930555555555554,[],11.60482054891208
359,36.00000000000024,901,29.763888888888886,[],11.58310264717771
360,36.10000000000024,898,29.61111111111111,[],11.584220825078658
361,36.200000000000244,895,29.666666666666668,[],11.57935772191018
362,36.300000000000246,895,29.722222222222225,[],11.538171796199075
363,36.40000000000025,897,29.805555555555554,[],11.483352046521787
364,36.50000000000025,897,29.916666666666668,[],11.44895185948343
365,36.60000000000025,897,29.902777777777782,[],11.428775919978424
366,36.70000000000025,897,29.958333333333332,[],11.420387884885573
367,36.80000000000025,899,30.083333333333332,[],11.377469031239006
368,36.900000000000254,899,30.055555555555557,[],11.376362068221777
369,37.000000000000256,899,30.166666666666668,[],11.356287134312177
370,37.10000000000026,899,30.208333333333332,[],11.350908098803565
371,37.20000000000026,900,30.291666666666668,[],11.338230441598512
372,37.30000000000026,901,30.333333333333332,[],11.326548078665814
373,37.40000000000026,901,30.319444444444443,[],11.33489658413827
374,37.50000000000026,901,30.319444444444446,[],11.338489987697153
375,37.600000000000264,901,30.486111111111114,[],11.355408025134373
376,37.700000000000266,901,30.541666666666668,[],11.362295315340013
377,37.80000000000027,903,30.611111111111114,[],11.36286509423934
378,37.90000000000027,903,30.583333333333332,[],11.397483658589172
379,38.00000000000027,903,30.722222222222225,[],11.414669827976043
380,38.10000000000027,904,30.805555555555557,[],11.430812639184383
381,38.20000000000027,906,30.88888888888889,[],11.452073177091163
382,38.300000000000274,906,30.847222222222225,[],11.496609634626438
383,38.400000000000276,911,31.111111111111114,[],11.484668503066104
384,38.50000000000028,914,31.402777777777775,[],11.488821542630383
385,38.60000000000028,917,31.416666666666668,[],11.506393198234676
386,38.70000000000028,923,31.666666666666668,[],11.489920449572027
387,38.80000000000028,927,31.86111111111111,[],11.49263305744811
388,38.90000000000028,932,32.09722222222222,[],11.489924521367833
389,39.000000000000284,937,32.458333333333336,[],11.477108535649931
390,39.100000000000286,940,32.458333333333336,[],11.504995550671273
391,39.20000000000029,948,32.81944444444445,[],11.48407229113445
392,39.30000000000029,956,33.15277777777778,[],11.456565036064195
393,39.40000000000029,959,33.30555555555555,[],11.483333618900348
394,39.50000000000029,962,33.44444444444444,[],11.504365389467122
395,39.60000000000029,970,33.80555555555556,[],11.484464817391936
396,39.700000000000294,975,34.041666666666664,[],11.49866774294607
397,39.800000000000296,983,34.37500000000001,[],11.486552182020304
398,39.9000000000003,986,34.52777777777778,[],11.514527980765665
399,40.0000000000003,990,34.69444444444444,[],11.537584777310274
400,40.1000000000003,998,35.05555555555556,[],11.529168539157007
401,40.2000000000003,1003,35.40277777777778,[],11.384110127835534
402,40.3000000000003,1000,35.15277777777778,[],11.371505519598713
403,40.400000000000304,1001,35.06944444444444,[],11.332328968807076
404,40.500000000000306,998,34.93055555555555,[],11.331282012769575
405,40.60000000000031,995,34.72222222222222,[],11.34726288694247
406,40.70000000000031,993,34.55555555555556,[],11.363042260318515
407,40.80000000000031,991,34.388888888888886,[],11.388479777822548
408,40.90000000000031,988,34.19444444444444,[],11.430105309119533
409,41.00000000000031,986,33.98611111111111,[],11.473575507186137
410,41.100000000000314,984,33.888888888888886,[],11.525605332939163
411,41.200000000000315,981,33.65277777777778,[],11.596643916214054
412,41.30000000000032,983,33.69444444444444,[],11.625951482837763
413,41.40000000000032,982,33.611111111111114,[],11.689604585317888
414,41.50000000000032,984,33.56944444444444,[],11.736964508470654
415,41.60000000000032,981,33.34722222222222,[],11.839809062593785
416,41.70000000000032,980,33.30555555555556,[],11.934754940973942
417,41.800000000000324,982,33.291666666666664,[],11.963634495267323
418,41.900000000000325,982,33.31944444444444,[],11.982532709125076
419,42.00000000000033,985,33.47222222222222,[],11.986876953749064
420,42.10000000000033,987,33.52777777777778,[],12.023849023594407
421,42.20000000000033,988,33.541666666666664,[],12.052371591239062
422,42.30000000000033,991,33.666666666666664,[],12.064902254882696
423,42.40000000000033,996,34.0,[],12.081123091897185
424,42.500000000000334,995,33.81944444444445,[],12.143692145138058
425,42.600000000000335,992,33.708333333333336,[],12.234443603106449
426,42.70000000000034,996,33.90277777777778,[],12.24188893144341
427,42.80000000000034,998,33.986111111111114,[],12.298622196724967
428,42.90000000000034,995,34.0,[],12.391023278661365
429,43.00000000000034,996,33.875,[],12.463372784084836
430,43.10000000000034,999,34.02777777777778,[],12.502611476254895
431,43.200000000000344,1001,34.09722222222222,[],12.562710968293684
432,43.300000000000345,1003,34.31944444444445,[],12.616336986452882
433,43.40000000000035,1004,34.25,[],12.689793149059456
434,43.50000000000035,1008,34.55555555555556,[],12.711044330153575
435,43.60000000000035,1008,34.486111111111114,[],12.82218664551001
436,43.70000000000035,1010,34.59722222222222,[],12.899069542228514
437,43.80000000000035,1015,34.958333333333336,[],12.963420994934081
438,43.900000000000354,1020,35.0,[],13.024224063453655
439,44.000000000000355,1019,35.01388888888889,[],13.120844853227569
440,44.10000000000036,1022,35.19444444444445,[],13.194165139690028
441,44.20000000000036,1027,35.48611111111111,[],13.279195052600087
442,44.30000000000036,1027,35.40277777777778,[],13.384717275386802
443,44.40000000000036,1031,35.59722222222222,[],13.452139312362046
444,44.50000000000036,1033,35.69444444444444,[],13.547783399909783
445,44.600000000000364,1035,35.833333333333336,[],13.640437372208831
446,44.700000000000365,1035,35.84722222222222,[],13.76770826648867
447,44.80000000000037,1040,36.083333333333336,[],13.823360475400325
448,44.90000000000037,1045,36.25,[],13.934864611270212
449,45.00000000000037,1049,36.361111111111114,[],13.927714150673996
450,45.10000000000037,1055,36.583333333333336,[],13.979367789942225
451,45.20000000000037,1053,36.375,[],13.960325009629388
452,45.300000000000374,1052,36.40277777777778,[],13.939452758716396
453,45.400000000000375,1051,36.23611111111111,[],13.93147402903434
454,45.50000000000038,1048,36.09722222222222,[],13.959975188865014
455,45.60000000000038,1045,35.84722222222222,[],14.001734714992294
456,45.70000000000038,1045,35.833333333333336,[],14.025144782383734
457,45.80000000000038,1042,35.583333333333336,[],14.093336598801784
458,45.90000000000038,1041,35.5,[],14.150910270574062
459,46.000000000000384,1038,35.25,[],14.249822322506215
460,46.100000000000385,1036,35.125,[],14.301599656555062
461,46.20000000000039,1036,35.09722222222222,[],14.328020605335588
462,46.30000000000039,1036,35.27777777777778,[],14.358281415749277
463,46.40000000000039,1038,35.36111111111111,[],14.36381088946777
464,46.50000000000039,1038,35.361111111111114,[],14.394215677975565
465,46.60000000000039,1038,35.5,[],14.435640023822277
466,46.700000000000394,1038,35.55555555555556,[],14.47683199684476
467,46.800000000000395,1038,35.611111111111114,[],14.529825951404117
468,46.9000000000004,1038,35.666666666666664,[],14.582436450059681
469,47.0000000000004,1038,35.666666666666664,[],14.644750403213676
470,47.1000000000004,1040,35.72222222222222,[],14.689364096109795
471,47.2000000000004,1040,35.72222222222222,[],14.760135166819072
472,47.3000000000004,1040,35.75,[],14.840695348189717
473,47.400000000000404,1040,35.90277777777778,[],14.906750524239147
474,47.500000000000405,1042,35.93055555555555,[],14.947029340996137
475,47.600000000000406,1042,35.875,[],15.019645236187072
476,47.70000000000041,1042,35.97222222222222,[],15.096320111657388
477,47.80000000000041,1042,35.958333333333336,[],15.18210612062868
478,47.90000000000041,1044,36.02777777777778,[],15.248189543239178
479,48.00000000000041,1044,35.97222222222222,[],15.347019020027897
480,48.10000000000041,1045,36.06944444444445,[],15.436184317364264
481,48.200000000000415,1045,36.013888888888886,[],15.548021909155223
482,48.300000000000416,1045,36.041666666666664,[],15.666574195782648
483,48.40000000000042,1045,36.041666666666664,[],15.789993151948307
484,48.50000000000042,1047,36.069444444444436,[],15.894166046066536
485,48.60000000000042,1047,36.01388888888889,[],16.032208778755525
486,48.70000000000042,1047,35.986111111111114,[],16.1795173361111
487,48.80000000000042,1047,36.0,[],16.33897966899944
488,48.900000000000425,1052,36.22222222222223,[],16.434402598083945
489,49.000000000000426,1057,36.44444444444445,[],16.53149175374318
490,49.10000000000043,1062,36.666666666666664,[],16.630223601703474
491,49.20000000000043,1067,36.88888888888889,[],16.73057504882096
492,49.30000000000043,1072,37.111111111111114,[],16.832523432793995
493,49.40000000000043,1077,37.333333333333336,[],16.9360465121622
494,49.50000000000043,1082,37.555555555555564,[],17.041122456582755
495,49.600000000000435,1087,37.77777777777778,[],17.14772983737508
496,49.700000000000436,1092,38.0,[],17.255847618325287
497,49.80000000000044,1097,38.22222222222223,[],17.36545514674206
498,49.90000000000044,1102,38.44444444444445,[],17.47653214475607
499,50.00000000000044,1107,38.638888888888886,[],17.595040978834017
500,50.10000000000044,1114,38.90277777777778,[],17.68814990185207
501,50.20000000000044,1119,39.22222222222222,[],17.444764876518096
502,50.300000000000445,1121,39.180555555555564,[],17.24987203453233
503,50.400000000000446,1118,38.93055555555555,[],17.133566125399106
504,50.50000000000045,1115,38.68055555555555,[],17.02519006350581
505,50.60000000000045,1112,38.583333333333336,[],16.920828200114872
506,50.70000000000045,1110,38.375,[],16.814501471340535
507,50.80000000000045,1107,38.208333333333336,[],16.730143625109193
508,50.90000000000045,1105,38.041666666666664,[],16.64021866353062
509,51.000000000000455,1104,37.888888888888886,[],16.54059109567958
510,51.100000000000456,1101,37.638888888888886,[],16.478311101128114
511,51.20000000000046,1098,37.541666666666664,[],16.416985871975626
512,51.30000000000046,1096,37.416666666666664,[],16.34941660731173
513,51.40000000000046,1095,37.27777777777777,[],16.28119432601985
514,51.50000000000046,1092,37.055555555555564,[],16.24331042723778
515,51.60000000000046,1092,36.958333333333336,[],16.17931978741031
516,51.700000000000465,1091,37.013888888888886,[],16.12870625720627
517,51.800000000000466,1092,36.930555555555564,[],16.039223293922724
518,51.90000000000047,1089,36.97222222222223,[],15.972268715004503
519,52.00000000000047,1089,36.833333333333336,[],15.90703895404598
520,52.10000000000047,1088,36.77777777777778,[],15.837742357249894
521,52.20000000000047,1091,36.94444444444445,[],15.71410516228244
522,52.30000000000047,1095,37.069444444444436,[],15.596157054632044
523,52.400000000000475,1100,37.444444444444436,[],15.455855858374505
524,52.500000000000476,1105,37.625,[],15.339289169257123
525,52.60000000000048,1104,37.43055555555556,[],15.289152076427824
526,52.70000000000048,1104,37.43055555555555,[],15.228318285509122
527,52.80000000000048,1102,37.388888888888886,[],15.191126202585712
528,52.90000000000048,1107,37.611111111111114,[],15.092378632788154
529,53.00000000000048,1109,37.861111111111114,[],14.999775401761347
530,53.100000000000485,1111,37.875,[],14.94254743604917
531,53.200000000000486,1112,37.986111111111114,[],14.873136837160978
532,53.30000000000049,1115,38.01388888888889,[],14.815222799488813
533,53.40000000000049,1115,37.916666666666664,[],14.782554562800133
534,53.50000000000049,1117,38.06944444444445,[],14.706488053728707
535,53.60000000000049,1118,38.083333333333336,[],14.66353040160339
536,53.70000000000049,1120,38.18055555555555,[],14.610853267703263
537,53.800000000000495,1124,38.34722222222222,[],14.520779958424608
538,53.900000000000496,1130,38.56944444444445,[],14.435658480652508
539,54.0000000000005,1135,38.80555555555555,[],14.33758543545396
540,54.1000000000005,1138,38.888888888888886,[],14.303438930326513
541,54.2000000000005,1146,39.25,[],14.179717386369143
542,54.3000000000005,1152,39.458333333333336,[],14.101458109211197
543,54.4000000000005,1156,39.75,[],14.036774657116776
544,54.500000000000504,1158,39.69444444444445,[],14.003947923247896
545,54.600000000000506,1161,39.791666666666664,[],13.952820597210822
546,54.70000000000051,1169,40.138888888888886,[],13.862387070722123
547,54.80000000000051,1174,40.31944444444445,[],13.792581426738991
548,54.90000000000051,1176,40.43055555555555,[],13.777803102183457
549,55.00000000000051,1184,40.763888888888886,[],13.679368426774753
550,55.10000000000051,1192,41.083333333333336,[],13.589352652411462
551,55.200000000000514,1191,41.15277777777778,[],13.565292145344625
552,55.300000000000516,1190,40.98611111111111,[],13.604102558003834
553,55.40000000000052,1193,40.986111111111114,[],13.620019385580832
554,55.50000000000052,1190,40.736111111111114,[],13.70380798479498
555,55.60000000000052,1187,40.48611111111111,[],13.800390400947885
556,55.70000000000052,1184,40.291666666666664,[],13.907038556448356
557,55.80000000000052,1181,40.236111111111114,[],14.024081735463499
558,55.900000000000524,1178,39.98611111111111,[],14.15957143308471
559,56.000000000000526,1177,39.94444444444445,[],14.251713025353261
560,56.10000000000053,1174,39.81944444444445,[],14.358536537245548
561,56.20000000000053,1176,39.875,[],14.428720086495176
562,56.30000000000053,1176,39.93055555555556,[],14.52186862238557
563,56.40000000000053,1178,40.013888888888886,[],14.581580394176896
564,56.50000000000053,1178,40.0,[],14.666745717168856
565,56.600000000000534,1178,40.138888888888886,[],14.750034599123968
566,56.700000000000536,1180,40.27777777777778,[],14.816705648151173
567,56.80000000000054,1180,40.27777777777778,[],14.905925583069836
568,56.90000000000054,1180,40.27777777777777,[],15.003780875640821
569,57.00000000000054,1180,40.27777777777778,[],15.099371912976192
570,57.10000000000054,1180,40.47222222222223,[],15.19674933632809
571,57.20000000000054,1181,40.55555555555555,[],15.292768770172747
572,57.300000000000544,1181,40.55555555555555,[],15.397752732548637
573,57.400000000000546,1183,40.75,[],15.484420381900339
574,57.50000000000055,1183,40.791666666666664,[],15.595614271774696
575,57.60000000000055,1184,40.80555555555555,[],15.70348460689858
576,57.70000000000055,1184,40.791666666666664,[],15.823060256088928
577,57.80000000000055,1184,40.916666666666664,[],15.94373480350311
578,57.90000000000055,1185,40.98611111111111,[],16.05661966187097
579,58.000000000000554,1186,41.06944444444445,[],16.169955179649115
580,58.100000000000556,1187,41.15277777777778,[],16.28923855416335
581,58.20000000000056,1188,41.236111111111114,[],16.411501615636187
582,58.30000000000056,1189,41.291666666666664,[],16.536623814478066
583,58.40000000000056,1189,41.333333333333336,[],16.673852459146172
584,58.50000000000056,1191,41.458333333333336,[],16.788284805092516
585,58.60000000000056,1191,41.458333333333336,[],16.934340041698686
586,58.700000000000564,1191,41.56944444444445,[],17.07794286928198
587,58.800000000000566,1191,41.5,[],17.21146311510933
588,58.90000000000057,1191,41.458333333333336,[],17.34821221959851
589,59.00000000000057,1191,41.55555555555555,[],17.4935662844441
590,59.10000000000057,1192,41.59722222222222,[],17.625722162337063
591,59.20000000000057,1192,41.59722222222222,[],17.776151513416025
592,59.30000000000057,1192,41.59722222222222,[],17.93148655127414
593,59.400000000000574,1192,41.583333333333336,[],18.0925406834451
594,59.500000000000576,1192,41.44444444444444,[],18.267771828861928
595,59.60000000000058,1196,41.625,[],18.393308745014796
596,59.70000000000058,1201,41.84722222222222,[],18.50551996281527
597,59.80000000000058,1206,42.06944444444444,[],18.618458496919253
598,59.90000000000058,1211,42.291666666666664,[],18.732115338454264
599,60.00000000000058,1216,42.513888888888886,[],18.84648162672009
600,60.100000000000584,1221,42.73611111111111,[],18.961548646154924
601,60.200000000000585,1226,43.06944444444445,[],18.842690677916682
602,60.30000000000059,1225,42.90277777777778,[],18.812252956887566
603,60.40000000000059,1222,42.694444444444436,[],18.817030297257382
604,60.50000000000059,1220,42.486111111111114,[],18.814668789632833
605,60.60000000000059,1217,42.236111111111114,[],18.833529424060647
606,60.70000000000059,1214,42.125,[],18.859098973483665
607,60.800000000000594,1211,41.875,[],18.892188945899957
608,60.900000000000595,1210,41.791666666666664,[],18.903846483552577
609,61.0000000000006,1208,41.65277777777778,[],18.933020283808446
610,61.1000000000006,1207,41.486111111111114,[],18.957054683303916
611,61.2000000000006,1204,41.375,[],19.00999479569398
612,61.3000000000006,1204,41.30555555555556,[],19.033821317063644
613,61.4000000000006,1201,41.083333333333336,[],19.10028568654798
614,61.500000000000604,1200,40.916666666666664,[],19.14786599133107
615,61.600000000000605,1197,40.69444444444444,[],19.22815248390164
616,61.70000000000061,1194,40.513888888888886,[],19.314807023594554
617,61.80000000000061,1195,40.63888888888889,[],19.332436248630607
618,61.90000000000061,1195,40.583333333333336,[],19.351880661049343
619,62.00000000000061,1195,40.458333333333336,[],19.366013466453367
620,62.10000000000061,1198,40.583333333333336,[],19.341385773019066
621,62.200000000000614,1200,40.80555555555555,[],19.33886539254145
622,62.300000000000615,1200,40.833333333333336,[],19.354849686629866
623,62.40000000000062,1198,40.583333333333336,[],19.429352509309638
624,62.50000000000062,1200,40.833333333333336,[],19.42248721485762
625,62.60000000000062,1202,40.763888888888886,[],19.45055504367074
626,62.70000000000062,1206,40.93055555555555,[],19.46525354847555
627,62.80000000000062,1205,40.888888888888886,[],19.50293823204621
628,62.900000000000624,1207,41.05555555555555,[],19.510545541517565
629,63.000000000000625,1205,40.86111111111111,[],19.57696513313802
630,63.10000000000063,1210,40.97222222222222,[],19.555190744504145
631,63.20000000000063,1207,40.833333333333336,[],19.62530290612148
632,63.30000000000063,1206,40.76388888888889,[],19.69067040991537
633,63.40000000000063,1211,41.013888888888886,[],19.666624043574082
634,63.50000000000063,1208,40.80555555555555,[],19.741716509732516
635,63.600000000000634,1210,40.86111111111111,[],19.779907071899135
636,63.700000000000635,1212,41.013888888888886,[],19.789330708142682
637,63.80000000000064,1217,41.02777777777778,[],19.798592980997476
638,63.90000000000064,1220,41.13888888888889,[],19.79569636063923
639,64.00000000000064,1223,41.36111111111111,[],19.8213575602045
640,64.10000000000063,1225,41.31944444444445,[],19.856307381001535
641,64.20000000000063,1230,41.51388888888889,[],19.83565088717206
642,64.30000000000062,1232,41.541666666666664,[],19.867578510809828
643,64.40000000000062,1235,41.65277777777778,[],19.89431571128236
644,64.50000000000061,1238,41.736111111111114,[],19.9068497853535
645,64.6000000000006,1243,41.94444444444444,[],19.896399685524727
646,64.7000000000006,1245,41.98611111111111,[],19.92646764728321
647,64.8000000000006,1248,42.09722222222222,[],19.951534545817022
648,64.90000000000059,1253,42.291666666666664,[],19.977858767149833
649,65.00000000000058,1254,42.31944444444445,[],20.013959011047444
650,65.10000000000058,1258,42.52777777777778,[],20.019767463722104
651,65.20000000000057,1258,42.52777777777778,[],19.904403133607584
652,65.30000000000057,1258,42.458333333333336,[],19.818387763194107
653,65.40000000000056,1256,42.291666666666664,[],19.770780371190146
654,65.50000000000055,1253,42.041666666666664,[],19.749187163312055
655,65.60000000000055,1252,41.958333333333336,[],19.710207082279936
656,65.70000000000054,1251,41.791666666666664,[],19.68280134558263
657,65.80000000000054,1248,41.541666666666664,[],19.694488686506855
658,65.90000000000053,1245,41.388888888888886,[],19.681751313415383
659,66.00000000000053,1242,41.25,[],19.680557145835927
660,66.10000000000052,1240,41.166666666666664,[],19.663660169028507
661,66.20000000000051,1238,41.180555555555564,[],19.661968057001697
662,66.30000000000051,1237,41.125,[],19.641399879450294
663,66.4000000000005,1237,41.19444444444445,[],19.61896531339006
664,66.5000000000005,1239,41.305555555555564,[],19.573616291554078
665,66.60000000000049,1239,41.291666666666664,[],19.556370047958655
666,66.70000000000049,1239,41.291666666666664,[],19.535718164723797
667,66.80000000000048,1239,41.291666666666664,[],19.519459913844425
